method,path,source,handler
POST,/auth/register,src/accounts.rs:1166,post(register)
POST,/auth/login,src/accounts.rs:1167,post(login)
POST,/auth/logout,src/accounts.rs:1168,post(logout)
GET,/auth/me,src/accounts.rs:1169,get(me)
POST,/oauth/token,src/accounts.rs:1170,post(oauth_token)
POST,/oauth/revoke,src/accounts.rs:1171,post(revoke)
POST,/api/v1/users,src/accounts.rs:1172,post(register)
GET,/api/v1/users/me,src/accounts.rs:1173,"get(me).patch(edit).put(edit).delete(delete_account),"
PATCH,/api/v1/users/me,src/accounts.rs:1173,"get(me).patch(edit).put(edit).delete(delete_account),"
PUT,/api/v1/users/me,src/accounts.rs:1173,"get(me).patch(edit).put(edit).delete(delete_account),"
DELETE,/api/v1/users/me,src/accounts.rs:1173,"get(me).patch(edit).put(edit).delete(delete_account),"
POST,/api/v1/users/reset_password,src/accounts.rs:1177,post(reset_request)
POST,/api/v1/users/confirmation,src/accounts.rs:1178,post(confirmation_request)
POST,/api/v1/users/confirm,src/accounts.rs:1179,post(confirm_email)
POST,/api/v1/users/change_password,src/accounts.rs:1180,post(reset_password)
POST,/api/v1/users/accept_invite,src/accounts.rs:1181,post(accept_invite)
POST,/api/v1/instances/{id}/invitations,src/accounts.rs:1182,post(invite)
GET,/api/v1/users/me/otp_status,src/accounts.rs:1183,get(otp_status)
POST,/api/v1/users/otp_status,src/accounts.rs:1184,post(otp_status)
GET,/api/v1/users/me/otp_qr,src/accounts.rs:1185,get(otp_qr)
PUT,/api/v1/users/me/two_factor,src/accounts.rs:1186,"axum::routing::put(toggle_otp),"
GET,/api/v1/users/me/sessions,src/accounts.rs:1190,"get(sessions).delete(revoke_sessions),"
DELETE,/api/v1/users/me/sessions,src/accounts.rs:1190,"get(sessions).delete(revoke_sessions),"
GET,/api/v1/projects/{id}/analytics/links,src/analytics_api.rs:1151,get(link_summary)
GET,/api/v1/projects/{id}/analytics/campaigns,src/analytics_api.rs:1152,"get(campaign_summary),"
GET,/api/v1/projects/{id}/analytics/visitors,src/analytics_api.rs:1156,"get(visitor_metrics),"
POST,/api/v1/projects/{id}/dashboard/top_links,src/analytics_api.rs:1160,"axum::routing::post(links_post),"
POST,/api/v1/projects/{id}/dashboard/links_views,src/analytics_api.rs:1164,"axum::routing::post(links_post),"
POST,/api/v1/projects/{id}/dashboard/metrics_overview,src/analytics_api.rs:1168,"axum::routing::post(overview_post),"
POST,/api/v1/projects/{id}/events/search,src/analytics_api.rs:1172,"axum::routing::post(explorer_post),"
POST,/api/v1/projects/{id}/events/sorted,src/analytics_api.rs:1176,"axum::routing::post(explorer_post),"
POST,/api/v1/projects/{id}/events/overview,src/analytics_api.rs:1180,"axum::routing::post(overview_post),"
GET,/api/v1/projects/{id}/events/metric_values,src/analytics_api.rs:1184,get(fields)
POST,/api/v1/projects/{id}/visitors/aggregated,src/analytics_api.rs:1185,"axum::routing::post(visitors_post),"
POST,/api/v1/projects/{id}/visitors/aggregated_metrics,src/analytics_api.rs:1189,"axum::routing::post(visitors_post),"
POST,/api/v1/projects/{id}/visitors/metrics,src/analytics_api.rs:1193,"axum::routing::post(visitors_post),"
GET,/api/v1/projects/{id}/analytics/events,src/analytics_api.rs:1197,get(explorer)
GET,/api/v1/projects/{id}/analytics/events/fields,src/analytics_api.rs:1198,get(fields)
GET,/api/v1/projects/{id}/analytics/events/field-values,src/analytics_api.rs:1199,"get(field_values),"
GET,/api/v1/projects/{id}/analytics/events/volume,src/analytics_api.rs:1203,get(volume)
GET,/api/v1/projects/{id}/analytics/events/{event_id},src/analytics_api.rs:1204,"get(event),"
GET,/api/v1/projects/{id}/analytics/overview/key-metrics,src/analytics_api.rs:1208,"get(overview),"
GET,/api/v1/projects/{id}/analytics/overview/key-metrics/series,src/analytics_api.rs:1212,"get(series),"
GET,/api/v1/projects/{id}/analytics/overview/versions,src/analytics_api.rs:1216,"get(versions),"
GET,/api/v1/projects/{id}/analytics/overview/versions/distribution,src/analytics_api.rs:1220,"get(version_distribution),"
GET,/api/v1/projects/{id}/analytics/overview/trends/users,src/analytics_api.rs:1224,"get(trends),"
GET,/api/v1/projects/{id}/analytics/overview/sources/breakdown,src/analytics_api.rs:1228,"get(sources),"
GET,/api/v1/projects/{id}/analytics/retention/summary,src/analytics_api.rs:1232,"get(retention),"
GET,/api/v1/projects/{id}/analytics/sessions,src/analytics_api.rs:1236,get(sessions)
GET,/api/v1/projects/{id}/analytics/sessions/{key},src/analytics_api.rs:1237,"get(session),"
GET,/api/v1/instances/{id}/server-keys,src/automation.rs:342,"get(keys).post(new_key),"
POST,/api/v1/instances/{id}/server-keys,src/automation.rs:342,"get(keys).post(new_key),"
DELETE,/api/v1/instances/{id}/server-keys/{key},src/automation.rs:346,"axum::routing::delete(revoke),"
POST,/api/v1/sdk/generate_link,src/automation.rs:350,post(generate)
POST,/api/v1/sdk/create_link,src/automation.rs:351,post(sdk_create)
GET,/api/v1/sdk/link/{path},src/automation.rs:352,get(details)
GET,/api/v1/sdk/metrics_for_link/{path},src/automation.rs:353,get(link_metrics)
GET,/api/v1/sdk/metrics_for_project,src/automation.rs:354,get(project_metrics)
POST,/api/v1/automation/details_for_link,src/automation.rs:355,post(automation_link)
POST,/api/v1/automation/metrics_for_user,src/automation.rs:356,post(automation_user)
POST,/api/v1/instances/{id}/billing/subscriptions,src/billing.rs:788,"post(checkout),"
GET,/api/v1/instances/{id}/billing/stripe_portal,src/billing.rs:792,get(portal)
GET,/api/v1/instances/{id}/billing/subscription,src/billing.rs:793,"get(details).delete(cancel),"
DELETE,/api/v1/instances/{id}/billing/subscription,src/billing.rs:793,"get(details).delete(cancel),"
PUT,/api/v1/instances/{id}/billing/subscription/pause,src/billing.rs:797,"axum::routing::put(pause),"
GET,/api/v1/instances/{id}/billing/mau,src/billing.rs:801,get(current_mau)
GET,/api/v1/instances/{id}/billing/usage,src/billing.rs:802,get(details)
POST,/api/v1/webhooks/stripe,src/billing.rs:803,post(stripe_webhook)
POST,/api/v1/webhooks/send_stripe_quotas,src/billing.rs:804,post(send_usage)
POST,/api/v1/admin/create_enterprise_subscription,src/billing.rs:805,"post(enterprise_create),"
PATCH,/api/v1/admin/enterprise_subscriptions/{id},src/billing.rs:809,"axum::routing::patch(enterprise_update),"
PUT,/api/v1/instances/{id}/revenue_collection,src/billing.rs:813,"axum::routing::put(revenue_setting),"
GET,/api/v1/projects/{id}/configurations,src/core_api.rs:908,get(configurations)
PUT,/api/v1/projects/{id}/configurations/{platform},src/core_api.rs:909,"axum::routing::put(set_configuration).delete(clear_configuration),"
DELETE,/api/v1/projects/{id}/configurations/{platform},src/core_api.rs:909,"axum::routing::put(set_configuration).delete(clear_configuration),"
GET,/api/v1/sdk/configurations,src/core_api.rs:913,get(sdk_configurations)
GET,/api/v1/sdk/links/{path},src/core_api.rs:914,get(sdk_link)
GET,/.well-known/apple-app-site-association,src/core_api.rs:915,"get(apple_association),"
GET,/.well-known/assetlinks.json,src/core_api.rs:919,get(android_association)
GET,/api/v1/instances,src/core_api.rs:920,get(instances).post(create_instance)
POST,/api/v1/instances,src/core_api.rs:920,get(instances).post(create_instance)
GET,/api/v1/instances/{id},src/core_api.rs:921,"get(instance).put(update_instance).delete(delete_instance),"
PUT,/api/v1/instances/{id},src/core_api.rs:921,"get(instance).put(update_instance).delete(delete_instance),"
DELETE,/api/v1/instances/{id},src/core_api.rs:921,"get(instance).put(update_instance).delete(delete_instance),"
GET,/api/v1/instances/{id}/members,src/core_api.rs:925,"get(members).post(add_member),"
POST,/api/v1/instances/{id}/members,src/core_api.rs:925,"get(members).post(add_member),"
DELETE,/api/v1/instances/{id}/members/{user_id},src/core_api.rs:929,"axum::routing::delete(remove_member),"
GET,/api/v1/instances/{id}/projects,src/core_api.rs:933,"get(projects).post(create_project),"
POST,/api/v1/instances/{id}/projects,src/core_api.rs:933,"get(projects).post(create_project),"
GET,/api/v1/projects/{id},src/core_api.rs:937,get(project).delete(delete_project)
DELETE,/api/v1/projects/{id},src/core_api.rs:937,get(project).delete(delete_project)
GET,/api/v1/projects/{id}/keys,src/core_api.rs:938,get(keys).post(create_key)
POST,/api/v1/projects/{id}/keys,src/core_api.rs:938,get(keys).post(create_key)
DELETE,/api/v1/projects/{id}/keys/{key_id},src/core_api.rs:939,"axum::routing::delete(revoke_key),"
GET,/api/v1/projects/{id}/campaigns,src/core_api.rs:943,"get(campaigns).post(create_campaign),"
POST,/api/v1/projects/{id}/campaigns,src/core_api.rs:943,"get(campaigns).post(create_campaign),"
PATCH,/api/v1/projects/{id}/campaigns/{campaign_id},src/core_api.rs:947,"axum::routing::patch(update_campaign).delete(archive_campaign),"
DELETE,/api/v1/projects/{id}/campaigns/{campaign_id},src/core_api.rs:947,"axum::routing::patch(update_campaign).delete(archive_campaign),"
GET,/api/v1/projects/{id}/links,src/core_api.rs:951,get(links).post(create_link)
POST,/api/v1/projects/{id}/links,src/core_api.rs:951,get(links).post(create_link)
GET,/api/v1/projects/{id}/links/{link_id},src/core_api.rs:952,"get(link) .put(update_link) .patch(update_link) .delete(archive_link),"
PUT,/api/v1/projects/{id}/links/{link_id},src/core_api.rs:952,"get(link) .put(update_link) .patch(update_link) .delete(archive_link),"
PATCH,/api/v1/projects/{id}/links/{link_id},src/core_api.rs:952,"get(link) .put(update_link) .patch(update_link) .delete(archive_link),"
DELETE,/api/v1/projects/{id}/links/{link_id},src/core_api.rs:952,"get(link) .put(update_link) .patch(update_link) .delete(archive_link),"
GET,/api/v1/projects/{id}/events,src/core_api.rs:959,get(events)
GET,/api/v1/projects/{id}/visitors,src/core_api.rs:960,get(visitors)
GET,/api/v1/projects/{id}/visitors/{visitor_id},src/core_api.rs:961,get(visitor)
POST,/api/v1/sdk/visitors,src/core_api.rs:962,post(sdk_visitor)
POST,/api/v1/sdk/events,src/core_api.rs:963,post(sdk_events)
POST,/api/v1/sdk/events/batch,src/core_api.rs:964,post(sdk_events)
POST,/api/v1/sdk/event,src/core_api.rs:965,post(sdk_event)
GET,/r/{project_id}/{path},src/core_api.rs:966,get(public_redirect)
GET,/l/{path},src/core_api.rs:967,get(domain_redirect)
GET,/api/v1/projects/{id}/domain,src/domains.rs:325,"get(domain).put(update_domain),"
PUT,/api/v1/projects/{id}/domain,src/domains.rs:325,"get(domain).put(update_domain),"
GET,/api/v1/projects/{id}/domain/defaults,src/domains.rs:329,"get(domain_defaults),"
PUT,/api/v1/projects/{id}/domain/google_tracking_id,src/domains.rs:333,"axum::routing::put(set_google_tracking_id),"
GET,/api/v1/projects/{id}/domain/availability,src/domains.rs:337,"get(availability),"
GET,/api/v1/projects/{id}/custom_domains,src/domains.rs:341,"get(list).post(create),"
POST,/api/v1/projects/{id}/custom_domains,src/domains.rs:341,"get(list).post(create),"
DELETE,/api/v1/projects/{id}/custom_domains/{purpose},src/domains.rs:345,"axum::routing::delete(remove),"
GET,/api/v1/projects/{id}/custom_domains/preflight,src/domains.rs:349,"get(preflight),"
POST,/api/v1/projects/{id}/custom_domains/verify,src/domains.rs:353,post(verify)
GET,/.well-known/trisixt-domain-verification,src/domains.rs:354,get(proof)
GET,/api/v1/instances/{id}/enterprise,src/enterprise.rs:29,get(features)
GET,/api/v1/instances/{id}/audit-events,src/enterprise.rs:30,get(audit_events)
GET,/api/v1/instances/{id}/audit-events/head,src/enterprise.rs:31,get(audit_head)
POST,/api/v1/instances/{id}/scim-token,src/enterprise.rs:32,"post(rotate_scim_token).delete(revoke_scim_token),"
DELETE,/api/v1/instances/{id}/scim-token,src/enterprise.rs:32,"post(rotate_scim_token).delete(revoke_scim_token),"
GET,/scim/v2/ServiceProviderConfig,src/enterprise.rs:36,get(scim_config)
GET,/scim/v2/Users,src/enterprise.rs:37,get(scim_list).post(scim_create)
POST,/scim/v2/Users,src/enterprise.rs:37,get(scim_list).post(scim_create)
GET,/scim/v2/Users/{id},src/enterprise.rs:38,"get(scim_show) .put(scim_replace) .patch(scim_patch) .delete(scim_delete),"
PUT,/scim/v2/Users/{id},src/enterprise.rs:38,"get(scim_show) .put(scim_replace) .patch(scim_patch) .delete(scim_delete),"
PATCH,/scim/v2/Users/{id},src/enterprise.rs:38,"get(scim_show) .put(scim_replace) .patch(scim_patch) .delete(scim_delete),"
DELETE,/scim/v2/Users/{id},src/enterprise.rs:38,"get(scim_show) .put(scim_replace) .patch(scim_patch) .delete(scim_delete),"
GET,/api/v1/instances/{id}/sso/policy,src/enterprise_admin.rs:381,"get(policy).put(set_policy),"
PUT,/api/v1/instances/{id}/sso/policy,src/enterprise_admin.rs:381,"get(policy).put(set_policy),"
POST,/api/v1/instances/{id}/sso/verify-domains,src/enterprise_admin.rs:385,"post(verify_domains),"
GET,/api/v1/identity/sso/discover,src/enterprise_admin.rs:389,get(discover)
GET,/api/v1/instances/{id}/audit_export_tokens,src/enterprise_admin.rs:390,"get(tokens).post(create_token),"
POST,/api/v1/instances/{id}/audit_export_tokens,src/enterprise_admin.rs:390,"get(tokens).post(create_token),"
DELETE,/api/v1/instances/{id}/audit_export_tokens/{token},src/enterprise_admin.rs:394,"axum::routing::delete(revoke_token),"
GET,/api/v1/instances/{id}/audit_events,src/enterprise_admin.rs:398,get(audit_events)
GET,/api/v1/instances/{id}/audit_events/head,src/enterprise_admin.rs:399,get(head)
POST,/api/v1/projects/{id}/exports/links,src/exports.rs:267,post(links)
POST,/api/v1/instances/{id}/exports/usage,src/exports.rs:268,post(usage)
GET,/api/v1/instances/{id}/exports/{export},src/exports.rs:269,get(status)
GET,/api/v1/instances/{id}/exports/{export}/parts/{part},src/exports.rs:270,"get(download),"
POST,/api/v1/projects/{id}/migrations,src/imports.rs:566,post(create)
GET,/api/v1/projects/{id}/migration_source,src/imports.rs:567,"get(show).patch(update).delete(remove),"
PATCH,/api/v1/projects/{id}/migration_source,src/imports.rs:567,"get(show).patch(update).delete(remove),"
DELETE,/api/v1/projects/{id}/migration_source,src/imports.rs:567,"get(show).patch(update).delete(remove),"
POST,/api/v1/projects/{id}/migration_source/test,src/imports.rs:571,post(probe)
POST,/api/v1/projects/{id}/migration_source/backfill,src/imports.rs:572,"post(backfill),"
POST,/api/v1/projects/{id}/migrations/firebase,src/imports.rs:576,post(firebase)
GET,/api/v1/projects/{id}/analytics,src/integrations.rs:21,get(dashboard)
GET,/api/v1/projects/{id}/objects/{*key},src/integrations.rs:22,"get(get_object) .put(put_object) .delete(delete_object) .layer(DefaultBodyLimit::max(16 * 1024 * 1024)),"
PUT,/api/v1/projects/{id}/objects/{*key},src/integrations.rs:22,"get(get_object) .put(put_object) .delete(delete_object) .layer(DefaultBodyLimit::max(16 * 1024 * 1024)),"
DELETE,/api/v1/projects/{id}/objects/{*key},src/integrations.rs:22,"get(get_object) .put(put_object) .delete(delete_object) .layer(DefaultBodyLimit::max(16 * 1024 * 1024)),"
POST,/api/v1/projects/{id}/links/search,src/management.rs:349,post(search_links)
POST,/api/v1/projects/{id}/links/search_v2,src/management.rs:350,post(search_links)
POST,/api/v1/projects/{id}/links/by_ids,src/management.rs:351,post(search_links)
POST,/api/v1/projects/{id}/links/check_path,src/management.rs:352,post(available)
GET,/api/v1/projects/{id}/links/random_path,src/management.rs:353,get(random_path)
POST,/api/v1/projects/{id}/campaigns/search,src/management.rs:354,"post(search_campaigns),"
POST,/api/v1/projects/{id}/campaigns/search_v2,src/management.rs:358,"post(search_campaigns),"
POST,/api/v1/projects/{id}/campaigns/by_ids,src/management.rs:362,"post(search_campaigns),"
POST,/api/v1/projects/{id}/visitors/search,src/management.rs:366,"post(search_visitors),"
GET,/api/v1/instances/{id}/setup_progress,src/management.rs:370,get(progress)
POST,/api/v1/instances/{id}/setup_progress/complete,src/management.rs:371,"post(complete),"
POST,/api/v1/instances/{id}/dismiss_get_started,src/management.rs:375,post(dismiss)
GET,/api/v1/instances/{id}/role,src/management.rs:376,get(role)
PUT,/api/v1/instances/{id}/retention,src/management.rs:377,"axum::routing::put(retention),"
POST,/api/v1/mcp,src/mcp.rs:1044,post(rpc)
GET,/.well-known/oauth-authorization-server,src/mcp.rs:1045,get(metadata)
GET,/.well-known/oauth-protected-resource,src/mcp.rs:1046,get(protected)
POST,/register,src/mcp.rs:1047,post(register)
GET,/authorize,src/mcp.rs:1048,get(authorize)
POST,/token,src/mcp.rs:1049,post(token)
POST,/revoke,src/mcp.rs:1050,post(revoke)
POST,/api/v1/mcp/approve_consent,src/mcp.rs:1051,post(approve)
GET,/api/v1/mcp/tokens,src/mcp.rs:1052,get(tokens)
DELETE,/api/v1/mcp/tokens/{id},src/mcp.rs:1053,"axum::routing::delete(delete_token),"
GET,/api/v1/mcp/status,src/mcp.rs:1057,get(status)
GET,/api/v1/mcp/validate,src/mcp.rs:1058,get(status)
GET,/api/v1/mcp/usage,src/mcp.rs:1059,get(usage)
DELETE,/api/v1/mcp/token,src/mcp.rs:1060,axum::routing::delete(self_revoke)
ANY,/api/v1/mcp/{*action},src/mcp.rs:1061,axum::routing::any(gateway)
POST,/api/v1/projects/{id}/notifications,src/messaging.rs:603,"post(create).get(list),"
GET,/api/v1/projects/{id}/notifications,src/messaging.rs:603,"post(create).get(list),"
POST,/api/v1/projects/{id}/notifications/search,src/messaging.rs:607,post(search)
DELETE,/api/v1/projects/{project}/notifications/{id},src/messaging.rs:608,"axum::routing::delete(archive),"
GET,/api/v1/projects/{id}/push-profiles,src/messaging.rs:612,"get(get_profiles).put(set_profiles),"
PUT,/api/v1/projects/{id}/push-profiles,src/messaging.rs:612,"get(get_profiles).put(set_profiles),"
GET,/api/v1/sdk/notifications,src/messaging.rs:616,get(sdk_list)
POST,/api/v1/sdk/notifications_for_device,src/messaging.rs:617,post(sdk_list_post)
GET,/api/v1/sdk/number_of_unread_notifications,src/messaging.rs:618,get(unread)
POST,/api/v1/sdk/mark_notification_as_read,src/messaging.rs:619,post(read)
GET,/api/v1/sdk/notifications_to_display_automatically,src/messaging.rs:620,"get(automatic),"
GET,/mm/{id},src/messaging.rs:624,get(public_message)
GET,/api/v1/instances/{id}/sso,src/oidc.rs:259,"get(settings).put(configure).delete(disable),"
PUT,/api/v1/instances/{id}/sso,src/oidc.rs:259,"get(settings).put(configure).delete(disable),"
DELETE,/api/v1/instances/{id}/sso,src/oidc.rs:259,"get(settings).put(configure).delete(disable),"
POST,/api/v1/instances/{id}/sso/link,src/oidc.rs:263,"post(link_start).delete(unlink),"
DELETE,/api/v1/instances/{id}/sso/link,src/oidc.rs:263,"post(link_start).delete(unlink),"
GET,/auth/oidc/{id}/start,src/oidc.rs:267,get(login_start)
GET,/auth/oidc/callback,src/oidc.rs:268,get(callback)
POST,/api/v1/admin/flush_events,src/operations.rs:142,post(flush)
POST,/api/v1/admin/reconcile_analytics,src/operations.rs:143,post(repair)
PATCH,/api/v1/admin/instance_retention,src/operations.rs:144,"axum::routing::patch(retention),"
GET,/api/v1/diagnostics/health_metrics,src/operations.rs:148,get(health)
GET,/api/v1/diagnostics/test_diagnostics,src/operations.rs:149,"get(health).post(health),"
POST,/api/v1/diagnostics/test_diagnostics,src/operations.rs:149,"get(health).post(health),"
GET,/api/v1/diagnostics/test_logs,src/operations.rs:153,"get(log_test).post(log_test),"
POST,/api/v1/diagnostics/test_logs,src/operations.rs:153,"get(log_test).post(log_test),"
GET,/api/v1/diagnostics/test_exception,src/operations.rs:157,"get(exception).post(exception),"
POST,/api/v1/diagnostics/test_exception,src/operations.rs:157,"get(exception).post(exception),"
POST,/api/v1/instances/provision,src/provisioning.rs:17,post(create)
GET,/api/v1/projects/{id}/purchases/google_configuration_script,src/purchase_lifecycle.rs:1277,"get(download_google_setup),"
POST,/api/v1/sdk/add_payment_event,src/purchase_lifecycle.rs:1281,post(reported_purchase)
POST,/api/v1/iap/apple/{environment}/{project_id},src/purchase_lifecycle.rs:1282,"post(apple_webhook),"
POST,/api/v1/iap/google/{instance_id},src/purchase_lifecycle.rs:1286,post(google_webhook)
GET,/api/v1/projects/{id}/purchases/subscriptions,src/purchase_lifecycle.rs:1287,get(status)
POST,/api/v1/projects/{id}/purchases/notifications/{notification_id}/retry,src/purchase_lifecycle.rs:1288,"post(retry),"
POST,/api/v1/sdk/purchases/verify,src/purchases.rs:712,post(sdk_purchase)
GET,/api/v1/projects/{id}/purchases,src/purchases.rs:713,get(purchase_list)
GET,/api/v1/projects/{id}/purchases/revenue,src/purchases.rs:714,get(revenue)
GET,/up,src/routes.rs:16,get(up)
GET,/ready,src/routes.rs:17,get(ready)
POST,/api/v1/sdk/authenticate,src/sdk.rs:792,post(authenticate)
GET,/api/v1/sdk/device_for_vendor_id,src/sdk.rs:793,get(vendor)
GET,/api/v1/sdk/visitor_attributes,src/sdk.rs:794,"get(get_attributes).post(set_attributes),"
POST,/api/v1/sdk/visitor_attributes,src/sdk.rs:794,"get(get_attributes).post(set_attributes),"
POST,/api/v1/sdk/screen_aliases,src/sdk.rs:798,post(screens)
POST,/api/v1/sdk/data_for_device,src/sdk.rs:799,post(resolve)
POST,/api/v1/sdk/data_for_device_and_url,src/sdk.rs:800,post(resolve)
POST,/api/v1/sdk/data_for_device_and_path,src/sdk.rs:801,post(resolve)
POST,/api/v1/sdk/clipboard_status,src/sdk.rs:802,post(clipboard_status)
POST,/api/v1/sdk/event/custom,src/sdk.rs:803,post(custom_event)
